filename,width,height,class,xmin,ymin,xmax,ymax
IMG_1.jpg,500,375,chicken,203,62,333,237
IMG_1.jpg,500,375,chicken,106,107,273,334
IMG_10.jpg,500,285,chicken,13,35,262,230
IMG_10.jpg,500,285,chicken,193,45,473,256
IMG_100.jpg,333,499,chicken,48,64,308,465
IMG_101.jpg,425,500,chicken,137,255,272,423
IMG_102.jpg,375,500,chicken,137,239,236,337
IMG_103.jpg,500,375,chicken,175,26,411,277
IMG_104.jpg,500,332,chicken,17,26,226,263
IMG_104.jpg,500,332,chicken,262,25,437,213
IMG_104.jpg,500,332,chicken,204,99,332,316
IMG_105.jpg,500,375,chicken,153,80,186,140
IMG_105.jpg,500,375,chicken,307,81,330,119
IMG_105.jpg,500,375,chicken,404,137,434,199
IMG_105.jpg,500,375,chicken,468,58,487,82
IMG_105.jpg,500,375,chicken,251,140,325,183
IMG_105.jpg,500,375,chicken,223,209,331,290
IMG_105.jpg,500,375,chicken,103,215,204,295
IMG_105.jpg,500,375,chicken,52,168,129,246
IMG_105.jpg,500,375,chicken,1,118,32,174
IMG_105.jpg,500,375,chicken,242,174,284,231
IMG_105.jpg,500,375,chicken,203,182,243,237
IMG_105.jpg,500,375,chicken,120,188,189,238
IMG_106.jpg,500,375,chicken,189,20,379,350
IMG_107.jpg,500,375,chicken,151,149,279,375
IMG_107.jpg,500,375,chicken,206,85,345,269
IMG_108.jpg,500,375,chicken,87,28,327,305
IMG_108.jpg,500,375,chicken,341,131,500,361
IMG_108.jpg,500,375,chicken,318,1,403,210
IMG_109.jpg,500,335,chicken,49,37,188,176
IMG_109.jpg,500,335,chicken,306,106,431,273
IMG_109.jpg,500,335,chicken,211,110,304,263
IMG_109.jpg,500,335,chicken,296,66,343,122
IMG_11.jpg,499,377,chicken,182,39,418,329
IMG_110.jpg,500,448,chicken,41,117,124,286
IMG_110.jpg,500,448,chicken,245,60,328,165
IMG_110.jpg,500,448,chicken,89,18,484,385
IMG_111.jpg,499,332,chicken,28,31,333,259
IMG_111.jpg,499,332,chicken,70,265,144,321
IMG_111.jpg,499,332,chicken,154,252,186,322
IMG_111.jpg,499,332,chicken,189,254,233,315
IMG_112.jpg,500,375,chicken,107,74,199,252
IMG_112.jpg,500,375,chicken,272,71,401,238
IMG_113.jpg,500,375,chicken,213,126,383,328
IMG_113.jpg,500,375,chicken,133,86,272,262
IMG_114.jpg,499,332,chicken,80,29,351,327
IMG_115.jpg,375,500,chicken,98,109,279,465
IMG_115.jpg,375,500,chicken,174,66,365,279
IMG_115.jpg,375,500,chicken,154,66,181,119
IMG_116.jpg,500,336,chicken,13,42,318,333
IMG_117.jpg,375,500,chicken,40,69,352,491
IMG_118.jpg,500,375,chicken,123,71,364,363
IMG_118.jpg,500,375,chicken,41,11,161,246
IMG_119.jpg,500,375,chicken,1,1,309,268
IMG_119.jpg,500,375,chicken,349,65,495,233
IMG_119.jpg,500,375,chicken,279,127,350,214
IMG_12.jpg,500,335,chicken,25,111,137,275
IMG_12.jpg,500,335,chicken,128,95,257,260
IMG_12.jpg,500,335,chicken,248,88,379,246
IMG_12.jpg,500,335,chicken,276,69,410,147
IMG_120.jpg,500,343,chicken,31,43,327,310
IMG_120.jpg,500,343,chicken,309,36,482,315
IMG_121.jpg,499,333,chicken,85,73,256,313
IMG_122.jpg,500,375,chicken,237,103,425,356
IMG_123.jpg,500,375,chicken,168,137,399,372
IMG_123.jpg,500,375,chicken,149,52,412,197
IMG_124.jpg,500,375,chicken,140,91,297,251
IMG_125.jpg,500,375,chicken,120,134,331,330
IMG_126.jpg,500,375,chicken,117,100,331,295
IMG_127.jpg,500,363,chicken,140,69,236,319
IMG_127.jpg,500,363,chicken,238,74,350,299
IMG_128.jpg,500,400,chicken,140,55,412,382
IMG_128.jpg,500,400,chicken,200,11,313,152
IMG_129.jpg,500,375,chicken,228,46,407,298
IMG_129.jpg,500,375,chicken,67,163,143,273
IMG_129.jpg,500,375,chicken,164,195,226,284
IMG_129.jpg,500,375,chicken,129,146,206,187
IMG_129.jpg,500,375,chicken,184,190,203,214
IMG_13.jpg,500,335,chicken,103,43,312,323
IMG_13.jpg,500,335,chicken,362,68,500,329
IMG_13.jpg,500,335,chicken,1,58,92,276
IMG_130.jpg,500,410,chicken,53,76,300,321
IMG_131.jpg,499,308,chicken,293,37,482,275
IMG_131.jpg,499,308,chicken,152,34,287,293
IMG_131.jpg,499,308,chicken,57,20,173,297
IMG_131.jpg,499,308,chicken,366,17,416,106
IMG_131.jpg,499,308,chicken,44,65,88,114
IMG_131.jpg,499,308,chicken,1,1,40,277
IMG_132.jpg,500,333,chicken,214,83,402,333
IMG_132.jpg,500,333,chicken,1,59,160,274
IMG_132.jpg,500,333,chicken,150,18,255,101
IMG_132.jpg,500,333,chicken,272,1,494,175
IMG_133.jpg,500,375,chicken,110,37,250,241
IMG_133.jpg,500,375,chicken,258,152,447,292
IMG_134.jpg,500,375,chicken,175,84,363,323
IMG_134.jpg,500,375,chicken,127,69,232,143
IMG_135.jpg,332,499,chicken,144,233,329,394
IMG_135.jpg,332,499,chicken,1,296,124,476
IMG_135.jpg,332,499,chicken,3,194,48,284
IMG_135.jpg,332,499,chicken,146,108,207,231
IMG_135.jpg,332,499,chicken,211,122,330,225
IMG_135.jpg,332,499,chicken,34,94,139,230
IMG_136.jpg,499,333,chicken,253,16,495,326
IMG_136.jpg,499,333,chicken,65,9,249,273
IMG_137.jpg,500,375,chicken,316,223,402,318
IMG_137.jpg,500,375,chicken,291,132,365,215
IMG_137.jpg,500,375,chicken,200,152,270,230
IMG_137.jpg,500,375,chicken,145,156,197,220
IMG_137.jpg,500,375,chicken,151,211,205,259
IMG_138.jpg,499,374,chicken,43,45,286,318
IMG_138.jpg,499,374,chicken,282,32,365,255
IMG_138.jpg,499,374,chicken,374,14,499,233
IMG_139.jpg,370,500,chicken,109,27,348,483
IMG_14.jpg,500,335,chicken,40,105,164,318
IMG_14.jpg,500,335,chicken,153,90,312,314
IMG_14.jpg,500,335,chicken,309,91,408,290
IMG_140.jpg,500,332,chicken,39,12,305,325
IMG_141.jpg,375,500,chicken,28,22,362,496
IMG_142.jpg,500,389,chicken,47,51,454,385
IMG_143.jpg,500,456,chicken,232,250,376,436
IMG_143.jpg,500,456,chicken,29,244,178,438
IMG_144.jpg,500,401,chicken,132,141,376,380
IMG_144.jpg,500,401,chicken,57,22,229,202
IMG_145.jpg,500,333,chicken,100,16,227,282
IMG_145.jpg,500,333,chicken,226,85,408,314
IMG_146.jpg,500,377,chicken,309,154,405,323
IMG_146.jpg,500,377,chicken,64,241,151,357
IMG_146.jpg,500,377,chicken,12,186,93,289
IMG_146.jpg,500,377,chicken,126,142,208,315
IMG_147.jpg,500,500,chicken,34,202,245,422
IMG_147.jpg,500,500,chicken,309,182,454,432
IMG_148.jpg,500,375,chicken,243,122,493,358
IMG_148.jpg,500,375,chicken,41,37,255,305
IMG_149.jpg,333,499,chicken,48,110,319,385
IMG_15.jpg,500,335,chicken,56,116,166,306
IMG_15.jpg,500,335,chicken,155,110,297,313
IMG_15.jpg,500,335,chicken,294,94,422,275
IMG_150.jpg,500,500,chicken,62,6,430,441
IMG_151.jpg,333,500,chicken,31,25,319,388
IMG_152.jpg,330,499,chicken,17,55,291,410
IMG_153.jpg,375,500,chicken,147,61,338,238
IMG_153.jpg,375,500,chicken,128,187,268,345
IMG_153.jpg,375,500,chicken,18,169,201,485
IMG_154.jpg,499,359,chicken,428,141,468,213
IMG_154.jpg,499,359,chicken,369,121,428,185
IMG_154.jpg,499,359,chicken,423,115,461,144
IMG_154.jpg,499,359,chicken,320,168,378,250
IMG_154.jpg,499,359,chicken,270,178,330,265
IMG_154.jpg,499,359,chicken,233,194,280,269
IMG_154.jpg,499,359,chicken,138,180,211,253
IMG_154.jpg,499,359,chicken,101,187,137,272
IMG_154.jpg,499,359,chicken,41,211,93,276
IMG_154.jpg,499,359,chicken,1,194,34,298
IMG_154.jpg,499,359,chicken,258,126,284,154
IMG_154.jpg,499,359,chicken,198,125,236,177
IMG_154.jpg,499,359,chicken,172,181,187,196
IMG_154.jpg,499,359,chicken,139,195,153,212
IMG_154.jpg,499,359,chicken,40,201,60,222
IMG_155.jpg,500,422,chicken,40,9,433,343
IMG_156.jpg,500,375,chicken,24,89,148,279
IMG_156.jpg,500,375,chicken,192,90,313,301
IMG_156.jpg,500,375,chicken,317,77,467,239
IMG_157.jpg,500,300,chicken,173,97,326,298
IMG_157.jpg,500,300,chicken,328,42,453,182
IMG_157.jpg,500,300,chicken,67,50,210,165
IMG_157.jpg,500,300,chicken,226,21,317,143
IMG_157.jpg,500,300,chicken,119,20,210,91
IMG_157.jpg,500,300,chicken,361,148,500,276
IMG_158.jpg,500,433,chicken,72,18,452,396
IMG_159.jpg,500,333,chicken,82,24,340,312
IMG_16.jpg,500,375,chicken,112,149,159,208
IMG_16.jpg,500,375,chicken,179,186,236,261
IMG_16.jpg,500,375,chicken,364,178,430,259
IMG_160.jpg,500,375,chicken,253,64,451,247
IMG_160.jpg,500,375,chicken,112,166,282,346
IMG_160.jpg,500,375,chicken,53,123,238,239
IMG_161.jpg,500,375,chicken,121,106,222,316
IMG_161.jpg,500,375,chicken,322,41,416,222
IMG_162.jpg,499,346,chicken,44,31,395,343
IMG_163.jpg,500,335,chicken,175,65,424,334
IMG_164.jpg,499,350,chicken,214,109,446,333
IMG_164.jpg,499,350,chicken,96,32,306,156
IMG_165.jpg,500,335,chicken,77,11,425,305
IMG_166.jpg,375,500,chicken,48,15,363,458
IMG_167.jpg,326,500,chicken,28,29,308,364
IMG_168.jpg,500,378,chicken,88,41,317,303
IMG_169.jpg,500,333,chicken,10,42,244,302
IMG_169.jpg,500,333,chicken,252,20,482,291
IMG_17.jpg,500,375,chicken,97,186,197,313
IMG_17.jpg,500,375,chicken,231,187,335,297
IMG_17.jpg,500,375,chicken,242,166,332,193
IMG_17.jpg,500,375,chicken,212,120,332,175
IMG_17.jpg,500,375,chicken,121,158,227,229
IMG_170.jpg,500,375,chicken,70,115,167,231
IMG_170.jpg,500,375,chicken,243,148,341,276
IMG_170.jpg,500,375,chicken,272,112,361,203
IMG_170.jpg,500,375,chicken,203,127,289,204
IMG_170.jpg,500,375,chicken,171,111,210,200
IMG_171.jpg,500,375,chicken,42,25,244,242
IMG_171.jpg,500,375,chicken,251,9,425,213
IMG_172.jpg,499,333,chicken,152,17,321,306
IMG_173.jpg,500,375,chicken,191,62,375,275
IMG_173.jpg,500,375,chicken,382,87,497,220
IMG_173.jpg,500,375,chicken,119,55,235,239
IMG_174.jpg,500,375,chicken,174,65,326,339
IMG_174.jpg,500,375,chicken,95,109,209,309
IMG_174.jpg,500,375,chicken,309,137,406,311
IMG_174.jpg,500,375,chicken,476,186,497,262
IMG_175.jpg,333,500,chicken,59,70,245,323
IMG_176.jpg,500,333,chicken,128,31,448,312
IMG_177.jpg,500,375,chicken,113,23,402,314
IMG_178.jpg,489,500,chicken,17,10,488,490
IMG_179.jpg,500,375,chicken,162,47,461,359
IMG_18.jpg,499,333,chicken,361,105,499,246
IMG_18.jpg,499,333,chicken,1,58,216,276
IMG_18.jpg,499,333,chicken,95,9,252,205
IMG_180.jpg,500,464,chicken,42,108,315,459
IMG_180.jpg,500,464,chicken,301,112,482,459
IMG_181.jpg,500,375,chicken,66,177,217,322
IMG_181.jpg,500,375,chicken,153,152,286,264
IMG_181.jpg,500,375,chicken,311,135,381,221
IMG_181.jpg,500,375,chicken,200,111,261,170
IMG_182.jpg,500,333,chicken,154,120,264,294
IMG_182.jpg,500,333,chicken,306,101,373,192
IMG_182.jpg,500,333,chicken,451,112,497,194
IMG_183.jpg,500,375,chicken,43,25,332,353
IMG_183.jpg,500,375,chicken,310,172,500,308
IMG_183.jpg,500,375,chicken,434,160,500,366
IMG_184.jpg,499,332,chicken,170,65,324,249
IMG_185.jpg,499,332,chicken,359,118,411,172
IMG_185.jpg,499,332,chicken,402,66,439,93
IMG_185.jpg,499,332,chicken,270,83,314,135
IMG_185.jpg,499,332,chicken,343,177,410,279
IMG_185.jpg,499,332,chicken,246,155,294,227
IMG_185.jpg,499,332,chicken,258,198,335,289
IMG_185.jpg,499,332,chicken,214,268,308,332
IMG_185.jpg,499,332,chicken,151,237,221,332
IMG_185.jpg,499,332,chicken,165,184,227,255
IMG_185.jpg,499,332,chicken,150,156,185,202
IMG_185.jpg,499,332,chicken,185,125,227,186
IMG_185.jpg,499,332,chicken,31,118,89,184
IMG_185.jpg,499,332,chicken,91,120,116,170
IMG_185.jpg,499,332,chicken,57,96,97,134
IMG_185.jpg,499,332,chicken,159,108,196,152
IMG_185.jpg,499,332,chicken,149,86,188,118
IMG_185.jpg,499,332,chicken,9,116,34,171
IMG_186.jpg,499,332,chicken,269,190,478,332
IMG_186.jpg,499,332,chicken,15,179,261,297
IMG_186.jpg,499,332,chicken,222,74,372,188
IMG_186.jpg,499,332,chicken,442,79,499,171
IMG_186.jpg,499,332,chicken,268,112,469,241
IMG_186.jpg,499,332,chicken,58,22,230,187
IMG_186.jpg,499,332,chicken,235,6,380,99
IMG_187.jpg,499,332,chicken,312,113,404,215
IMG_187.jpg,499,332,chicken,194,150,255,231
IMG_187.jpg,499,332,chicken,70,136,189,217
IMG_187.jpg,499,332,chicken,14,130,94,221
IMG_187.jpg,499,332,chicken,195,114,249,145
IMG_187.jpg,499,332,chicken,217,102,247,123
IMG_188.jpg,500,375,chicken,135,21,413,339
IMG_189.jpg,500,367,chicken,42,45,253,343
IMG_189.jpg,500,367,chicken,268,21,479,367
IMG_19.jpg,500,420,chicken,159,14,477,396
IMG_19.jpg,500,420,chicken,58,95,193,389
IMG_190.jpg,499,333,chicken,118,80,346,229
IMG_191.jpg,500,374,chicken,212,123,315,325
IMG_191.jpg,500,374,chicken,180,95,301,192
IMG_192.jpg,500,333,chicken,39,31,353,311
IMG_193.jpg,500,334,chicken,93,21,459,316
IMG_194.jpg,499,333,chicken,1,95,26,138
IMG_194.jpg,499,333,chicken,18,120,139,263
IMG_194.jpg,499,333,chicken,106,117,216,256
IMG_194.jpg,499,333,chicken,213,151,284,286
IMG_194.jpg,499,333,chicken,289,159,351,273
IMG_194.jpg,499,333,chicken,346,138,432,278
IMG_194.jpg,499,333,chicken,424,149,495,287
IMG_194.jpg,499,333,chicken,167,275,219,324
IMG_194.jpg,499,333,chicken,376,282,424,332
IMG_194.jpg,499,333,chicken,1,264,44,326
IMG_195.jpg,499,333,chicken,119,63,385,316
IMG_196.jpg,500,360,chicken,44,54,236,302
IMG_196.jpg,500,360,chicken,288,69,454,328
IMG_197.jpg,499,333,chicken,301,102,442,237
IMG_197.jpg,499,333,chicken,169,1,294,145
IMG_197.jpg,499,333,chicken,125,90,229,204
IMG_197.jpg,499,333,chicken,28,112,213,267
IMG_197.jpg,499,333,chicken,1,197,108,333
IMG_198.jpg,500,443,chicken,25,64,476,393
IMG_199.jpg,500,375,chicken,111,26,466,350
IMG_2.jpg,500,375,chicken,95,91,335,351
IMG_20.jpg,500,440,chicken,93,39,440,409
IMG_200.jpg,500,375,chicken,39,17,453,371
IMG_201.jpg,500,375,chicken,100,49,478,360
IMG_202.jpg,454,499,chicken,31,39,422,474
IMG_203.jpg,500,400,chicken,68,31,359,363
IMG_204.jpg,500,400,chicken,152,87,484,396
IMG_205.jpg,500,375,chicken,143,78,371,347
IMG_205.jpg,500,375,chicken,444,165,500,307
IMG_205.jpg,500,375,chicken,24,53,242,322
IMG_206.jpg,499,299,chicken,8,60,197,278
IMG_206.jpg,499,299,chicken,300,61,490,243
IMG_207.jpg,500,375,chicken,365,6,500,358
IMG_207.jpg,500,375,chicken,218,60,366,358
IMG_207.jpg,500,375,chicken,34,55,212,362
IMG_208.jpg,500,375,chicken,147,37,500,363
IMG_208.jpg,500,375,chicken,24,68,174,266
IMG_209.jpg,375,500,chicken,39,98,333,430
IMG_21.jpg,500,434,chicken,31,36,470,414
IMG_210.jpg,500,375,chicken,35,47,201,273
IMG_210.jpg,500,375,chicken,322,56,483,357
IMG_210.jpg,500,375,chicken,137,90,312,303
IMG_211.jpg,500,261,chicken,206,133,300,239
IMG_211.jpg,500,261,chicken,353,102,403,211
IMG_211.jpg,500,261,chicken,19,115,117,222
IMG_211.jpg,500,261,chicken,83,40,159,127
IMG_212.jpg,375,500,chicken,127,195,339,378
IMG_212.jpg,375,500,chicken,160,140,287,247
IMG_213.jpg,500,375,chicken,61,10,305,357
IMG_214.jpg,499,332,chicken,254,28,455,209
IMG_215.jpg,375,500,chicken,46,45,310,401
IMG_216.jpg,499,333,chicken,115,74,212,157
IMG_216.jpg,499,333,chicken,307,170,400,320
IMG_216.jpg,499,333,chicken,140,13,177,56
IMG_217.jpg,499,333,chicken,78,8,423,316
IMG_218.jpg,500,333,chicken,175,90,408,293
IMG_218.jpg,500,333,chicken,133,225,175,285
IMG_218.jpg,500,333,chicken,190,245,232,308
IMG_218.jpg,500,333,chicken,182,204,208,243
IMG_219.jpg,500,376,chicken,146,81,347,350
IMG_22.jpg,500,414,chicken,65,2,461,374
IMG_220.jpg,500,500,chicken,43,50,453,471
IMG_221.jpg,500,500,chicken,82,56,433,461
IMG_222.jpg,500,375,chicken,74,68,411,303
IMG_223.jpg,375,500,chicken,44,18,336,480
IMG_224.jpg,500,375,chicken,153,48,422,280
IMG_224.jpg,500,375,chicken,159,121,214,232
IMG_224.jpg,500,375,chicken,401,46,500,248
IMG_224.jpg,500,375,chicken,234,209,269,257
IMG_225.jpg,500,375,chicken,241,12,424,353
IMG_226.jpg,500,332,chicken,16,28,273,297
IMG_227.jpg,499,333,chicken,93,58,375,325
IMG_228.jpg,375,500,chicken,110,103,351,440
IMG_228.jpg,375,500,chicken,1,149,79,291
IMG_229.jpg,500,368,chicken,78,33,421,341
IMG_229.jpg,500,368,chicken,1,108,89,201
IMG_23.jpg,363,500,chicken,38,147,347,451
IMG_230.jpg,499,333,chicken,39,142,236,331
IMG_230.jpg,499,333,chicken,156,72,328,329
IMG_230.jpg,499,333,chicken,328,125,474,241
IMG_231.jpg,499,333,chicken,27,62,232,272
IMG_231.jpg,499,333,chicken,305,26,440,239
IMG_232.jpg,499,333,chicken,286,55,484,299
IMG_232.jpg,499,333,chicken,9,84,248,290
IMG_232.jpg,499,333,chicken,61,69,150,147
IMG_233.jpg,500,375,chicken,91,36,351,353
IMG_234.jpg,428,499,chicken,83,222,321,448
IMG_234.jpg,428,499,chicken,174,97,384,287
IMG_234.jpg,428,499,chicken,91,1,214,159
IMG_235.jpg,500,281,chicken,179,98,353,225
IMG_236.jpg,500,375,chicken,231,121,489,309
IMG_236.jpg,500,375,chicken,56,52,152,135
IMG_236.jpg,500,375,chicken,89,91,266,243
IMG_237.jpg,499,332,chicken,189,112,371,308
IMG_237.jpg,499,332,chicken,5,78,219,254
IMG_238.jpg,500,375,chicken,175,52,426,272
IMG_238.jpg,500,375,chicken,18,57,159,268
IMG_239.jpg,500,375,chicken,259,222,385,355
IMG_239.jpg,500,375,chicken,2,265,88,356
IMG_239.jpg,500,375,chicken,101,137,274,232
IMG_239.jpg,500,375,chicken,349,99,401,232
IMG_239.jpg,500,375,chicken,374,70,462,147
IMG_239.jpg,500,375,chicken,317,24,398,115
IMG_239.jpg,500,375,chicken,252,21,315,136
IMG_239.jpg,500,375,chicken,188,72,247,137
IMG_239.jpg,500,375,chicken,4,8,43,119
IMG_239.jpg,500,375,chicken,190,9,253,94
IMG_239.jpg,500,375,chicken,73,66,118,163
IMG_24.jpg,500,375,chicken,6,151,118,257
IMG_24.jpg,500,375,chicken,177,68,281,231
IMG_24.jpg,500,375,chicken,389,30,424,84
IMG_24.jpg,500,375,chicken,136,128,194,240
IMG_240.jpg,500,375,chicken,438,154,493,287
IMG_240.jpg,500,375,chicken,261,170,344,328
IMG_240.jpg,500,375,chicken,264,57,330,111
IMG_240.jpg,500,375,chicken,212,125,303,249
IMG_240.jpg,500,375,chicken,149,161,214,258
IMG_240.jpg,500,375,chicken,88,139,176,235
IMG_240.jpg,500,375,chicken,1,272,76,372
IMG_240.jpg,500,375,chicken,89,84,146,149
IMG_240.jpg,500,375,chicken,282,89,333,168
IMG_241.jpg,500,375,chicken,68,56,362,363
IMG_241.jpg,500,375,chicken,249,2,491,301
IMG_242.jpg,499,333,chicken,15,110,146,285
IMG_242.jpg,499,333,chicken,283,24,486,282
IMG_243.jpg,499,333,chicken,103,86,325,254
IMG_244.jpg,500,335,chicken,132,45,328,278
IMG_245.jpg,500,446,chicken,69,40,420,389
IMG_246.jpg,499,334,chicken,26,11,159,249
IMG_246.jpg,499,334,chicken,145,31,388,252
IMG_246.jpg,499,334,chicken,330,5,484,224
IMG_246.jpg,499,334,chicken,329,218,393,294
IMG_246.jpg,499,334,chicken,163,252,276,320
IMG_246.jpg,499,334,chicken,240,1,338,102
IMG_247.jpg,500,375,chicken,209,72,395,375
IMG_247.jpg,500,375,chicken,44,161,243,371
IMG_248.jpg,500,375,chicken,9,126,183,366
IMG_248.jpg,500,375,chicken,322,199,407,364
IMG_248.jpg,500,375,chicken,355,74,488,239
IMG_248.jpg,500,375,chicken,233,26,341,153
IMG_248.jpg,500,375,chicken,155,82,304,282
IMG_249.jpg,500,375,chicken,97,121,193,276
IMG_249.jpg,500,375,chicken,268,78,419,214
IMG_25.jpg,500,333,chicken,127,12,317,288
IMG_250.jpg,500,407,chicken,55,13,426,371
IMG_251.jpg,500,360,chicken,4,18,142,206
IMG_251.jpg,500,360,chicken,93,20,377,332
IMG_252.jpg,500,375,chicken,181,45,497,325
IMG_253.jpg,375,500,chicken,20,59,356,498
IMG_254.jpg,382,382,chicken,35,112,344,377
IMG_254.jpg,382,382,chicken,7,16,174,272
IMG_254.jpg,382,382,chicken,177,61,273,190
IMG_255.jpg,500,333,chicken,257,93,435,299
IMG_255.jpg,500,333,chicken,35,144,245,312
IMG_256.jpg,500,375,chicken,120,96,370,339
IMG_257.jpg,500,332,chicken,215,39,486,294
IMG_257.jpg,500,332,chicken,16,113,226,288
IMG_258.jpg,500,500,chicken,100,75,344,346
IMG_259.jpg,500,332,chicken,153,4,460,312
IMG_26.jpg,499,332,chicken,126,8,436,317
IMG_260.jpg,500,333,chicken,200,141,348,289
IMG_260.jpg,500,333,chicken,357,129,473,287
IMG_261.jpg,500,375,chicken,217,80,440,331
IMG_261.jpg,500,375,chicken,135,24,284,320
IMG_262.jpg,500,375,chicken,203,50,376,252
IMG_262.jpg,500,375,chicken,59,57,305,314
IMG_263.jpg,500,375,chicken,53,123,152,304
IMG_263.jpg,500,375,chicken,224,51,464,303
IMG_264.jpg,500,375,chicken,345,219,460,331
IMG_264.jpg,500,375,chicken,375,150,445,253
IMG_264.jpg,500,375,chicken,307,161,387,279
IMG_264.jpg,500,375,chicken,54,151,216,341
IMG_264.jpg,500,375,chicken,3,201,64,353
IMG_264.jpg,500,375,chicken,284,209,336,312
IMG_265.jpg,500,375,chicken,125,89,309,366
IMG_265.jpg,500,375,chicken,235,3,497,372
IMG_266.jpg,374,500,chicken,67,104,197,376
IMG_266.jpg,374,500,chicken,136,45,292,211
IMG_266.jpg,374,500,chicken,62,91,127,162
IMG_267.jpg,500,375,chicken,20,13,384,290
IMG_268.jpg,500,375,chicken,49,118,269,323
IMG_268.jpg,500,375,chicken,222,146,430,303
IMG_268.jpg,500,375,chicken,361,187,463,272
IMG_269.jpg,500,400,chicken,79,85,198,303
IMG_269.jpg,500,400,chicken,267,137,352,295
IMG_269.jpg,500,400,chicken,333,139,465,303
IMG_27.jpg,500,375,chicken,57,4,405,295
IMG_270.jpg,500,375,chicken,171,76,385,356
IMG_271.jpg,500,333,chicken,137,53,423,287
IMG_271.jpg,500,333,chicken,6,43,172,244
IMG_271.jpg,500,333,chicken,143,23,213,59
IMG_271.jpg,500,333,chicken,417,182,496,288
IMG_271.jpg,500,333,chicken,331,1,486,192
IMG_272.jpg,499,401,chicken,35,21,255,335
IMG_272.jpg,499,401,chicken,260,19,464,359
IMG_273.jpg,499,333,chicken,27,9,200,286
IMG_273.jpg,499,333,chicken,213,82,477,299
IMG_274.jpg,499,333,chicken,125,30,350,294
IMG_274.jpg,499,333,chicken,461,118,499,229
IMG_275.jpg,499,333,chicken,87,29,328,310
IMG_276.jpg,500,334,chicken,421,32,489,163
IMG_276.jpg,500,334,chicken,351,34,426,203
IMG_277.jpg,500,375,chicken,30,80,445,364
IMG_277.jpg,500,375,chicken,294,54,414,116
IMG_278.jpg,499,332,chicken,55,80,293,290
IMG_278.jpg,499,332,chicken,331,19,464,269
IMG_279.jpg,499,332,chicken,165,48,337,304
IMG_279.jpg,499,332,chicken,37,55,150,185
IMG_279.jpg,499,332,chicken,379,56,457,143
IMG_28.jpg,499,282,chicken,19,41,165,241
IMG_28.jpg,499,282,chicken,143,66,313,235
IMG_28.jpg,499,282,chicken,304,69,470,243
IMG_280.jpg,499,357,chicken,259,183,426,304
IMG_280.jpg,499,357,chicken,325,99,488,249
IMG_280.jpg,499,357,chicken,369,61,441,152
IMG_280.jpg,499,357,chicken,35,129,154,352
IMG_280.jpg,499,357,chicken,101,81,201,306
IMG_281.jpg,500,483,chicken,68,26,294,414
IMG_281.jpg,500,483,chicken,319,179,499,483
IMG_282.jpg,500,431,chicken,43,58,283,384
IMG_282.jpg,500,431,chicken,270,80,442,403
IMG_283.jpg,500,393,chicken,196,26,463,372
IMG_284.jpg,499,333,chicken,159,116,331,286
IMG_284.jpg,499,333,chicken,101,164,176,248
IMG_284.jpg,499,333,chicken,40,156,163,282
IMG_285.jpg,500,281,chicken,270,121,465,235
IMG_285.jpg,500,281,chicken,219,93,270,190
IMG_285.jpg,500,281,chicken,38,112,213,209
IMG_286.jpg,500,415,chicken,249,139,373,341
IMG_286.jpg,500,415,chicken,128,157,229,314
IMG_286.jpg,500,415,chicken,163,116,235,215
IMG_287.jpg,333,499,chicken,4,135,278,443
IMG_288.jpg,500,334,chicken,47,15,337,311
IMG_289.jpg,500,375,chicken,139,78,355,286
IMG_29.jpg,500,278,chicken,107,141,150,204
IMG_29.jpg,500,278,chicken,149,162,211,223
IMG_29.jpg,500,278,chicken,236,155,293,217
IMG_29.jpg,500,278,chicken,295,165,342,227
IMG_29.jpg,500,278,chicken,286,133,323,179
IMG_290.jpg,364,500,chicken,77,312,256,470
IMG_290.jpg,364,500,chicken,228,185,335,370
IMG_290.jpg,364,500,chicken,103,22,256,207
IMG_291.jpg,495,500,chicken,102,247,297,430
IMG_292.jpg,500,375,chicken,130,30,419,361
IMG_292.jpg,500,375,chicken,24,31,364,375
IMG_292.jpg,500,375,chicken,391,33,500,148
IMG_293.jpg,500,333,chicken,235,92,362,287
IMG_293.jpg,500,333,chicken,355,105,445,244
IMG_294.jpg,500,407,chicken,84,16,408,368
IMG_295.jpg,500,375,chicken,54,52,364,330
IMG_296.jpg,478,499,chicken,40,91,305,484
IMG_297.jpg,500,333,chicken,140,33,444,324
IMG_298.jpg,500,400,chicken,126,70,235,301
IMG_298.jpg,500,400,chicken,206,166,354,390
IMG_299.jpg,499,333,chicken,175,91,433,333
IMG_299.jpg,499,333,chicken,108,207,212,333
IMG_3.jpg,500,375,chicken,162,203,440,339
IMG_3.jpg,500,375,chicken,68,102,310,225
IMG_30.jpg,500,375,chicken,301,96,483,374
IMG_30.jpg,500,375,chicken,173,15,277,265
IMG_30.jpg,500,375,chicken,130,78,337,178
IMG_300.jpg,499,333,chicken,283,169,366,293
IMG_300.jpg,499,333,chicken,206,145,280,275
IMG_300.jpg,499,333,chicken,124,93,238,206
IMG_300.jpg,499,333,chicken,162,50,258,152
IMG_300.jpg,499,333,chicken,253,37,305,147
IMG_300.jpg,499,333,chicken,267,107,357,195
IMG_300.jpg,499,333,chicken,355,76,432,205
IMG_301.jpg,469,500,chicken,48,11,453,468
IMG_302.jpg,499,373,chicken,54,151,178,294
IMG_302.jpg,499,373,chicken,226,110,328,243
IMG_303.jpg,335,500,chicken,105,93,268,402
IMG_304.jpg,500,345,chicken,195,68,320,269
IMG_305.jpg,319,500,chicken,85,145,309,412
IMG_306.jpg,500,333,chicken,89,92,214,321
IMG_306.jpg,500,333,chicken,156,18,389,247
IMG_307.jpg,500,375,chicken,199,102,351,339
IMG_307.jpg,500,375,chicken,162,65,273,183
IMG_308.jpg,500,375,chicken,324,240,409,342
IMG_308.jpg,500,375,chicken,235,151,328,236
IMG_308.jpg,500,375,chicken,321,83,365,143
IMG_308.jpg,500,375,chicken,266,59,321,95
IMG_308.jpg,500,375,chicken,132,237,197,316
IMG_308.jpg,500,375,chicken,35,294,147,349
IMG_308.jpg,500,375,chicken,1,268,88,318
IMG_308.jpg,500,375,chicken,200,89,268,134
IMG_309.jpg,499,332,chicken,165,124,295,274
IMG_31.jpg,500,375,chicken,59,183,143,259
IMG_31.jpg,500,375,chicken,220,179,295,271
IMG_31.jpg,500,375,chicken,345,191,397,244
IMG_310.jpg,375,500,chicken,89,31,280,427
IMG_310.jpg,375,500,chicken,2,1,71,127
IMG_310.jpg,375,500,chicken,76,1,173,168
IMG_311.jpg,500,400,chicken,44,88,219,292
IMG_311.jpg,500,400,chicken,268,38,452,349
IMG_312.jpg,500,333,chicken,112,92,209,219
IMG_312.jpg,500,333,chicken,275,34,449,245
IMG_313.jpg,500,333,chicken,101,95,294,333
IMG_313.jpg,500,333,chicken,324,60,424,291
IMG_313.jpg,500,333,chicken,12,106,118,324
IMG_314.jpg,500,331,chicken,15,130,50,186
IMG_314.jpg,500,331,chicken,70,125,125,190
IMG_314.jpg,500,331,chicken,131,112,177,177
IMG_314.jpg,500,331,chicken,159,99,198,132
IMG_314.jpg,500,331,chicken,40,183,101,252
IMG_314.jpg,500,331,chicken,177,169,208,233
IMG_314.jpg,500,331,chicken,204,171,259,228
IMG_314.jpg,500,331,chicken,237,176,305,239
IMG_314.jpg,500,331,chicken,302,144,365,217
IMG_314.jpg,500,331,chicken,412,169,477,242
IMG_314.jpg,500,331,chicken,403,113,454,166
IMG_314.jpg,500,331,chicken,430,89,478,129
IMG_314.jpg,500,331,chicken,388,98,432,128
IMG_314.jpg,500,331,chicken,321,90,361,123
IMG_314.jpg,500,331,chicken,321,122,358,164
IMG_314.jpg,500,331,chicken,241,127,288,175
IMG_314.jpg,500,331,chicken,285,121,312,168
IMG_314.jpg,500,331,chicken,184,123,242,177
IMG_314.jpg,500,331,chicken,227,98,261,124
IMG_314.jpg,500,331,chicken,273,95,293,125
IMG_314.jpg,500,331,chicken,186,224,255,311
IMG_314.jpg,500,331,chicken,242,270,336,331
IMG_314.jpg,500,331,chicken,55,264,153,331
IMG_314.jpg,500,331,chicken,483,152,500,219
IMG_315.jpg,500,355,chicken,20,41,227,304
IMG_315.jpg,500,355,chicken,239,63,423,314
IMG_316.jpg,500,333,chicken,10,89,163,240
IMG_316.jpg,500,333,chicken,246,103,328,208
IMG_316.jpg,500,333,chicken,332,150,471,285
IMG_317.jpg,500,375,chicken,36,102,127,199
IMG_317.jpg,500,375,chicken,367,126,492,251
IMG_318.jpg,500,375,chicken,9,3,364,374
IMG_319.jpg,500,375,chicken,130,66,486,309
IMG_32.jpg,500,375,chicken,199,152,407,337
IMG_320.jpg,500,309,chicken,179,28,434,269
IMG_320.jpg,500,309,chicken,45,31,215,256
IMG_321.jpg,500,375,chicken,343,53,442,191
IMG_321.jpg,500,375,chicken,274,56,350,189
IMG_321.jpg,500,375,chicken,136,49,216,139
IMG_321.jpg,500,375,chicken,26,87,97,163
IMG_321.jpg,500,375,chicken,93,68,147,199
IMG_321.jpg,500,375,chicken,1,11,50,67
IMG_321.jpg,500,375,chicken,1,39,112,97
IMG_321.jpg,500,375,chicken,148,114,279,215
IMG_322.jpg,500,375,chicken,51,47,263,341
IMG_322.jpg,500,375,chicken,252,139,488,342
IMG_323.jpg,499,327,chicken,155,126,329,298
IMG_323.jpg,499,327,chicken,400,29,499,282
IMG_323.jpg,499,327,chicken,39,83,240,221
IMG_323.jpg,499,327,chicken,106,34,241,114
IMG_324.jpg,500,359,chicken,55,17,316,298
IMG_324.jpg,500,359,chicken,320,47,429,257
IMG_325.jpg,500,375,chicken,205,11,287,121
IMG_325.jpg,500,375,chicken,132,68,363,327
IMG_326.jpg,375,500,chicken,24,109,193,496
IMG_326.jpg,375,500,chicken,171,60,323,379
IMG_327.jpg,499,430,chicken,55,57,273,404
IMG_327.jpg,499,430,chicken,367,17,451,221
IMG_328.jpg,500,334,chicken,57,1,488,313
IMG_329.jpg,375,500,chicken,36,98,327,397
IMG_33.jpg,500,375,chicken,124,6,390,337
IMG_330.jpg,333,499,chicken,188,128,333,483
IMG_330.jpg,333,499,chicken,10,18,184,499
IMG_331.jpg,499,296,chicken,188,80,461,291
IMG_331.jpg,499,296,chicken,109,153,237,296
IMG_332.jpg,500,375,chicken,167,11,428,357
IMG_332.jpg,500,375,chicken,1,64,84,370
IMG_333.jpg,500,375,chicken,68,47,391,361
IMG_334.jpg,500,375,chicken,173,118,491,369
IMG_334.jpg,500,375,chicken,43,8,309,359
IMG_335.jpg,500,375,chicken,161,139,374,258
IMG_336.jpg,500,375,chicken,122,97,401,362
IMG_337.jpg,500,386,chicken,116,83,329,363
IMG_337.jpg,500,386,chicken,253,34,381,158
IMG_338.jpg,500,375,chicken,221,112,362,346
IMG_338.jpg,500,375,chicken,12,159,236,360
IMG_338.jpg,500,375,chicken,258,21,368,200
IMG_339.jpg,375,500,chicken,97,132,258,406
IMG_34.jpg,500,375,chicken,95,39,416,309
IMG_340.jpg,500,375,chicken,320,94,426,367
IMG_340.jpg,500,375,chicken,1,1,124,164
IMG_340.jpg,500,375,chicken,64,9,138,110
IMG_340.jpg,500,375,chicken,45,36,332,375
IMG_341.jpg,500,375,chicken,109,66,374,351
IMG_342.jpg,500,375,chicken,62,110,270,316
IMG_342.jpg,500,375,chicken,420,2,500,103
IMG_343.jpg,500,406,chicken,148,40,445,326
IMG_344.jpg,500,375,chicken,187,112,368,291
IMG_345.jpg,500,367,chicken,206,129,411,272
IMG_345.jpg,500,367,chicken,235,1,297,109
IMG_345.jpg,500,367,chicken,44,11,165,118
IMG_346.jpg,500,375,chicken,178,117,351,355
IMG_347.jpg,500,375,chicken,76,27,351,341
IMG_348.jpg,500,375,chicken,245,175,500,323
IMG_348.jpg,500,375,chicken,341,82,459,210
IMG_348.jpg,500,375,chicken,140,68,288,284
IMG_349.jpg,500,379,chicken,135,75,401,366
IMG_35.jpg,500,375,chicken,38,3,263,318
IMG_35.jpg,500,375,chicken,260,97,492,368
IMG_350.jpg,499,320,chicken,38,15,486,289
IMG_351.jpg,500,421,chicken,29,96,378,421
IMG_352.jpg,500,375,chicken,172,1,394,354
IMG_353.jpg,500,375,chicken,74,76,356,365
IMG_354.jpg,500,375,chicken,177,33,443,357
IMG_355.jpg,500,402,chicken,69,66,224,309
IMG_355.jpg,500,402,chicken,232,113,384,321
IMG_356.jpg,500,375,chicken,232,99,359,228
IMG_356.jpg,500,375,chicken,258,222,356,375
IMG_356.jpg,500,375,chicken,109,220,257,361
IMG_356.jpg,500,375,chicken,71,137,132,223
IMG_356.jpg,500,375,chicken,147,192,191,256
IMG_356.jpg,500,375,chicken,197,183,257,263
IMG_357.jpg,500,351,chicken,83,188,162,313
IMG_357.jpg,500,351,chicken,187,58,453,307
IMG_358.jpg,500,357,chicken,89,7,375,335
IMG_358.jpg,500,357,chicken,218,1,402,151
IMG_358.jpg,500,357,chicken,432,52,500,241
IMG_359.jpg,500,448,chicken,1,122,175,362
IMG_359.jpg,500,448,chicken,300,219,446,430
IMG_359.jpg,500,448,chicken,324,8,492,292
IMG_36.jpg,500,375,chicken,313,203,485,357
IMG_36.jpg,500,375,chicken,261,86,317,128
IMG_36.jpg,500,375,chicken,355,82,405,130
IMG_360.jpg,500,360,chicken,42,38,282,347
IMG_360.jpg,500,360,chicken,330,80,488,337
IMG_361.jpg,357,500,chicken,38,35,336,430
IMG_362.jpg,357,500,chicken,38,137,297,429
IMG_363.jpg,357,500,chicken,40,128,325,422
IMG_364.jpg,500,332,chicken,75,26,250,230
IMG_364.jpg,500,332,chicken,192,104,423,310
IMG_365.jpg,500,368,chicken,371,223,483,358
IMG_365.jpg,500,368,chicken,259,266,320,355
IMG_365.jpg,500,368,chicken,200,250,265,353
IMG_365.jpg,500,368,chicken,46,276,127,359
IMG_365.jpg,500,368,chicken,119,229,172,338
IMG_366.jpg,412,500,chicken,42,218,205,489
IMG_366.jpg,412,500,chicken,67,37,219,224
IMG_366.jpg,412,500,chicken,267,55,379,183
IMG_367.jpg,500,375,chicken,183,28,388,362
IMG_368.jpg,499,333,chicken,34,84,199,220
IMG_368.jpg,499,333,chicken,309,84,442,231
IMG_369.jpg,500,358,chicken,139,55,397,348
IMG_37.jpg,500,375,chicken,130,216,219,358
IMG_37.jpg,500,375,chicken,299,69,478,257
IMG_37.jpg,500,375,chicken,8,172,219,334
IMG_370.jpg,500,461,chicken,26,21,397,431
IMG_371.jpg,500,334,chicken,180,30,313,315
IMG_372.jpg,500,361,chicken,113,6,464,338
IMG_373.jpg,500,333,chicken,35,105,219,260
IMG_373.jpg,500,333,chicken,298,163,460,230
IMG_373.jpg,500,333,chicken,257,192,384,261
IMG_373.jpg,500,333,chicken,412,204,498,303
IMG_374.jpg,500,335,chicken,53,66,242,335
IMG_374.jpg,500,335,chicken,225,44,468,326
IMG_375.jpg,500,377,chicken,106,28,452,356
IMG_375.jpg,500,377,chicken,105,8,297,171
IMG_376.jpg,500,375,chicken,192,103,322,237
IMG_377.jpg,500,375,chicken,359,235,432,335
IMG_378.jpg,500,375,chicken,112,86,336,366
IMG_379.jpg,500,333,chicken,1,22,304,333
IMG_379.jpg,500,333,chicken,231,105,441,333
IMG_38.jpg,500,375,chicken,247,86,409,249
IMG_38.jpg,500,375,chicken,195,5,332,191
IMG_380.jpg,500,375,chicken,195,126,361,336
IMG_380.jpg,500,375,chicken,96,38,189,108
IMG_381.jpg,500,375,chicken,129,127,391,339
IMG_381.jpg,500,375,chicken,92,62,239,176
IMG_381.jpg,500,375,chicken,12,36,87,173
IMG_381.jpg,500,375,chicken,132,5,236,63
IMG_381.jpg,500,375,chicken,1,185,75,358
IMG_382.jpg,375,500,chicken,109,130,320,489
IMG_382.jpg,375,500,chicken,85,2,188,169
IMG_382.jpg,375,500,chicken,284,1,364,91
IMG_382.jpg,375,500,chicken,234,89,375,259
IMG_383.jpg,375,500,chicken,89,34,324,475
IMG_383.jpg,375,500,chicken,1,139,59,340
IMG_383.jpg,375,500,chicken,55,150,116,294
IMG_384.jpg,375,500,chicken,6,30,347,500
IMG_385.jpg,499,333,chicken,177,150,306,239
IMG_385.jpg,499,333,chicken,377,154,499,248
IMG_385.jpg,499,333,chicken,21,113,142,255
IMG_386.jpg,499,342,chicken,179,21,316,289
IMG_387.jpg,500,375,chicken,191,1,260,45
IMG_387.jpg,500,375,chicken,103,1,151,59
IMG_387.jpg,500,375,chicken,28,1,75,51
IMG_387.jpg,500,375,chicken,122,62,331,327
IMG_388.jpg,333,499,chicken,36,235,307,499
IMG_388.jpg,333,499,chicken,37,84,291,339
IMG_389.jpg,500,375,chicken,122,107,492,370
IMG_39.jpg,500,429,chicken,27,155,245,401
IMG_39.jpg,500,429,chicken,190,19,415,139
IMG_39.jpg,500,429,chicken,25,89,250,281
IMG_390.jpg,500,393,chicken,60,14,452,392
IMG_391.jpg,500,375,chicken,213,55,321,284
IMG_391.jpg,500,375,chicken,1,43,187,249
IMG_391.jpg,500,375,chicken,418,61,493,182
IMG_391.jpg,500,375,chicken,346,135,458,226
IMG_392.jpg,500,375,chicken,59,189,184,307
IMG_392.jpg,500,375,chicken,225,279,369,375
IMG_392.jpg,500,375,chicken,2,281,113,370
IMG_392.jpg,500,375,chicken,76,93,196,191
IMG_392.jpg,500,375,chicken,214,81,267,186
IMG_392.jpg,500,375,chicken,221,179,347,296
IMG_392.jpg,500,375,chicken,339,77,477,186
IMG_392.jpg,500,375,chicken,445,129,500,205
IMG_392.jpg,500,375,chicken,309,1,400,80
IMG_392.jpg,500,375,chicken,193,237,297,307
IMG_393.jpg,500,334,chicken,32,179,189,303
IMG_393.jpg,500,334,chicken,124,80,339,274
IMG_393.jpg,500,334,chicken,269,13,440,275
IMG_394.jpg,499,298,chicken,42,165,99,233
IMG_394.jpg,499,298,chicken,32,142,91,190
IMG_394.jpg,499,298,chicken,161,121,222,194
IMG_394.jpg,499,298,chicken,352,146,414,211
IMG_394.jpg,499,298,chicken,334,115,394,174
IMG_395.jpg,500,335,chicken,236,93,464,306
IMG_395.jpg,500,335,chicken,304,52,469,181
IMG_395.jpg,500,335,chicken,17,24,216,195
IMG_395.jpg,500,335,chicken,175,69,270,223
IMG_396.jpg,500,375,chicken,47,68,329,356
IMG_396.jpg,500,375,chicken,116,49,202,154
IMG_396.jpg,500,375,chicken,323,2,500,326
IMG_397.jpg,500,375,chicken,2,64,220,355
IMG_397.jpg,500,375,chicken,172,105,380,339
IMG_397.jpg,500,375,chicken,367,115,500,366
IMG_398.jpg,500,375,chicken,82,198,292,375
IMG_398.jpg,500,375,chicken,93,28,198,219
IMG_398.jpg,500,375,chicken,274,113,410,330
IMG_399.jpg,332,499,chicken,61,144,293,424
IMG_399.jpg,332,499,chicken,221,27,319,163
IMG_4.jpg,499,332,chicken,260,87,402,321
IMG_4.jpg,499,332,chicken,131,27,275,301
IMG_40.jpg,333,499,chicken,46,94,284,340
IMG_40.jpg,333,499,chicken,5,9,55,128
IMG_400.jpg,500,384,chicken,362,210,493,357
IMG_400.jpg,500,384,chicken,242,213,346,353
IMG_400.jpg,500,384,chicken,21,221,97,319
IMG_400.jpg,500,384,chicken,81,239,137,345
IMG_400.jpg,500,384,chicken,146,247,202,340
IMG_400.jpg,500,384,chicken,198,254,237,342
IMG_400.jpg,500,384,chicken,136,216,186,279
IMG_400.jpg,500,384,chicken,218,214,308,265
IMG_401.jpg,332,499,chicken,106,152,244,413
IMG_401.jpg,332,499,chicken,35,206,130,352
IMG_401.jpg,332,499,chicken,242,205,330,384
IMG_402.jpg,500,417,chicken,89,144,234,291
IMG_402.jpg,500,417,chicken,211,38,350,232
IMG_402.jpg,500,417,chicken,169,135,320,265
IMG_403.jpg,500,375,chicken,208,117,415,289
IMG_403.jpg,500,375,chicken,147,99,214,189
IMG_404.jpg,333,500,chicken,96,153,258,446
IMG_405.jpg,500,432,chicken,66,184,304,383
IMG_405.jpg,500,432,chicken,274,88,425,251
IMG_405.jpg,500,432,chicken,64,91,297,237
IMG_406.jpg,500,500,chicken,7,26,465,500
IMG_407.jpg,500,375,chicken,50,116,324,341
IMG_407.jpg,500,375,chicken,135,65,402,272
IMG_408.jpg,500,333,chicken,16,79,153,287
IMG_408.jpg,500,333,chicken,159,36,336,328
IMG_408.jpg,500,333,chicken,271,75,396,219
IMG_409.jpg,379,500,chicken,36,243,145,386
IMG_409.jpg,379,500,chicken,136,276,274,400
IMG_409.jpg,379,500,chicken,239,271,347,359
IMG_409.jpg,379,500,chicken,300,130,355,253
IMG_409.jpg,379,500,chicken,212,194,284,259
IMG_409.jpg,379,500,chicken,166,207,272,313
IMG_409.jpg,379,500,chicken,84,215,172,298
IMG_409.jpg,379,500,chicken,150,129,246,198
IMG_409.jpg,379,500,chicken,257,156,308,215
IMG_41.jpg,400,500,chicken,101,78,344,460
IMG_410.jpg,500,500,chicken,21,169,138,437
IMG_410.jpg,500,500,chicken,123,191,223,447
IMG_410.jpg,500,500,chicken,209,234,406,457
IMG_410.jpg,500,500,chicken,308,287,495,461
IMG_411.jpg,499,333,chicken,123,131,268,272
IMG_411.jpg,499,333,chicken,276,167,404,274
IMG_411.jpg,499,333,chicken,280,114,385,194
IMG_412.jpg,500,375,chicken,73,161,356,350
IMG_412.jpg,500,375,chicken,82,36,235,207
IMG_413.jpg,500,375,chicken,141,55,439,344
IMG_414.jpg,500,375,chicken,55,65,263,346
IMG_414.jpg,500,375,chicken,263,36,386,308
IMG_415.jpg,500,375,chicken,175,65,357,353
IMG_415.jpg,500,375,chicken,46,104,124,250
IMG_415.jpg,500,375,chicken,112,93,275,262
IMG_416.jpg,375,500,chicken,178,117,257,205
IMG_416.jpg,375,500,chicken,18,34,340,437
IMG_417.jpg,500,334,chicken,38,96,135,264
IMG_417.jpg,500,334,chicken,236,59,378,291
IMG_418.jpg,499,332,chicken,134,83,374,275
IMG_419.jpg,500,375,chicken,2,119,204,370
IMG_419.jpg,500,375,chicken,160,42,295,295
IMG_419.jpg,500,375,chicken,310,18,500,347
IMG_42.jpg,332,499,chicken,11,115,284,457
IMG_420.jpg,500,375,chicken,99,132,168,242
IMG_420.jpg,500,375,chicken,232,140,302,257
IMG_420.jpg,500,375,chicken,314,143,401,218
IMG_420.jpg,500,375,chicken,301,71,341,122
IMG_420.jpg,500,375,chicken,211,76,256,123
IMG_420.jpg,500,375,chicken,184,21,238,78
IMG_420.jpg,500,375,chicken,90,1,139,48
IMG_420.jpg,500,375,chicken,149,23,178,61
IMG_421.jpg,400,500,chicken,25,153,331,474
IMG_421.jpg,400,500,chicken,152,59,324,275
IMG_422.jpg,500,375,chicken,186,22,379,328
IMG_422.jpg,500,375,chicken,185,65,286,157
IMG_423.jpg,500,375,chicken,34,70,285,316
IMG_423.jpg,500,375,chicken,286,91,467,309
IMG_424.jpg,500,375,chicken,91,21,383,372
IMG_425.jpg,500,375,chicken,123,53,443,349
IMG_426.jpg,332,500,chicken,2,133,186,482
IMG_426.jpg,332,500,chicken,112,110,332,365
IMG_427.jpg,500,332,chicken,55,164,392,332
IMG_427.jpg,500,332,chicken,210,32,497,282
IMG_428.jpg,500,375,chicken,135,34,453,343
IMG_428.jpg,500,375,chicken,305,6,500,123
IMG_429.jpg,500,345,chicken,16,57,403,309
IMG_43.jpg,499,376,chicken,123,77,479,345
IMG_430.jpg,800,530,chicken,62,53,317,475
IMG_430.jpg,800,530,chicken,342,126,552,501
IMG_430.jpg,800,530,chicken,504,164,704,447
IMG_431.jpg,800,600,chicken,92,208,392,577
IMG_431.jpg,800,600,chicken,124,87,343,337
IMG_431.jpg,800,600,chicken,348,154,452,304
IMG_431.jpg,800,600,chicken,425,46,773,337
IMG_431.jpg,800,600,chicken,402,225,672,593
IMG_431.jpg,800,600,chicken,480,226,800,563
IMG_432.jpg,800,534,chicken,497,58,767,314
IMG_432.jpg,800,534,chicken,87,79,343,421
IMG_432.jpg,800,534,chicken,73,76,220,235
IMG_433.jpg,800,534,chicken,100,81,325,496
IMG_433.jpg,800,534,chicken,448,131,751,384
IMG_433.jpg,800,534,chicken,336,76,537,347
IMG_434.jpg,800,532,chicken,517,320,684,531
IMG_434.jpg,800,532,chicken,667,241,800,529
IMG_434.jpg,800,532,chicken,615,206,724,404
IMG_434.jpg,800,532,chicken,204,327,359,505
IMG_434.jpg,800,532,chicken,60,259,145,421
IMG_434.jpg,800,532,chicken,137,225,240,434
IMG_434.jpg,800,532,chicken,234,239,399,421
IMG_434.jpg,800,532,chicken,423,172,657,453
IMG_434.jpg,800,532,chicken,57,137,111,238
IMG_434.jpg,800,532,chicken,115,152,194,222
IMG_434.jpg,800,532,chicken,204,168,323,334
IMG_434.jpg,800,532,chicken,323,200,469,387
IMG_434.jpg,800,532,chicken,699,152,789,230
IMG_434.jpg,800,532,chicken,670,134,718,209
IMG_434.jpg,800,532,chicken,297,156,357,221
IMG_434.jpg,800,532,chicken,234,152,279,236
IMG_434.jpg,800,532,chicken,1,219,86,400
IMG_435.jpg,800,450,chicken,125,134,204,230
IMG_435.jpg,800,450,chicken,191,81,239,187
IMG_435.jpg,800,450,chicken,230,61,273,125
IMG_435.jpg,800,450,chicken,356,147,418,255
IMG_435.jpg,800,450,chicken,419,213,487,321
IMG_435.jpg,800,450,chicken,467,182,544,283
IMG_435.jpg,800,450,chicken,535,226,627,348
IMG_435.jpg,800,450,chicken,643,150,716,251
IMG_435.jpg,800,450,chicken,656,205,733,329
IMG_435.jpg,800,450,chicken,559,65,591,107
IMG_435.jpg,800,450,chicken,471,52,515,96
IMG_435.jpg,800,450,chicken,434,64,462,118
IMG_435.jpg,800,450,chicken,343,46,384,70
IMG_435.jpg,800,450,chicken,341,66,391,123
IMG_435.jpg,800,450,chicken,392,70,425,125
IMG_436.jpg,800,531,chicken,232,153,552,502
IMG_436.jpg,800,531,chicken,595,3,800,352
IMG_436.jpg,800,531,chicken,433,61,615,252
IMG_436.jpg,800,531,chicken,93,12,314,268
IMG_436.jpg,800,531,chicken,206,3,298,108
IMG_437.jpg,800,533,chicken,118,56,520,465
IMG_437.jpg,800,533,chicken,2,23,125,239
IMG_437.jpg,800,533,chicken,126,17,344,206
IMG_437.jpg,800,533,chicken,365,58,678,329
IMG_438.jpg,800,531,chicken,200,222,395,476
IMG_438.jpg,800,531,chicken,77,177,235,515
IMG_438.jpg,800,531,chicken,1,283,78,388
IMG_438.jpg,800,531,chicken,363,165,567,475
IMG_438.jpg,800,531,chicken,430,140,624,320
IMG_438.jpg,800,531,chicken,555,83,668,303
IMG_438.jpg,800,531,chicken,662,96,800,344
IMG_438.jpg,800,531,chicken,622,11,776,154
IMG_438.jpg,800,531,chicken,289,30,430,175
IMG_438.jpg,800,531,chicken,164,69,311,268
IMG_438.jpg,800,531,chicken,29,19,151,98
IMG_438.jpg,800,531,chicken,89,29,214,120
IMG_439.jpg,800,534,chicken,87,160,269,350
IMG_439.jpg,800,534,chicken,253,125,451,436
IMG_439.jpg,800,534,chicken,371,106,774,449
IMG_44.jpg,500,375,chicken,16,43,365,261
IMG_44.jpg,500,375,chicken,373,89,471,259
IMG_440.jpg,1280,866,chicken,552,1,1220,565
IMG_440.jpg,1280,866,chicken,44,476,784,866
IMG_440.jpg,1280,866,chicken,16,127,551,524
IMG_440.jpg,1280,866,chicken,128,89,459,325
IMG_440.jpg,1280,866,chicken,323,345,798,664
IMG_441.jpg,1280,960,chicken,151,424,591,859
IMG_441.jpg,1280,960,chicken,538,357,1219,778
IMG_442.jpg,372,278,chicken,47,159,142,256
IMG_442.jpg,372,278,chicken,17,103,116,165
IMG_442.jpg,372,278,chicken,126,52,227,227
IMG_442.jpg,372,278,chicken,240,63,346,255
IMG_442.jpg,372,278,chicken,211,71,286,144
IMG_442.jpg,372,278,chicken,247,67,298,121
IMG_442.jpg,372,278,chicken,191,12,264,70
IMG_443.jpg,1280,960,chicken,207,291,679,907
IMG_443.jpg,1280,960,chicken,686,213,1134,848
IMG_444.jpg,1280,851,chicken,308,274,638,639
IMG_444.jpg,1280,851,chicken,430,179,780,543
IMG_445.jpg,395,288,chicken,27,191,77,263
IMG_445.jpg,395,288,chicken,111,168,154,243
IMG_445.jpg,395,288,chicken,299,198,351,253
IMG_445.jpg,395,288,chicken,311,186,367,232
IMG_446.jpg,5184,3888,chicken,810,348,1489,1307
IMG_446.jpg,5184,3888,chicken,1985,1365,2843,2469
IMG_446.jpg,5184,3888,chicken,3352,682,3968,1486
IMG_447.jpg,5184,3888,chicken,1448,2502,2904,3888
IMG_447.jpg,5184,3888,chicken,1214,1532,3052,2786
IMG_447.jpg,5184,3888,chicken,2881,1086,3789,2982
IMG_447.jpg,5184,3888,chicken,1798,782,2818,1898
IMG_447.jpg,5184,3888,chicken,235,952,1852,2119
IMG_448.jpg,5184,3888,chicken,1381,923,1968,2002
IMG_448.jpg,5184,3888,chicken,2781,1723,3518,3169
IMG_448.jpg,5184,3888,chicken,1756,1348,2464,2607
IMG_449.jpg,5318,3545,chicken,160,1357,930,2941
IMG_449.jpg,5318,3545,chicken,1830,1711,2999,3234
IMG_449.jpg,5318,3545,chicken,4033,1330,5318,2621
IMG_449.jpg,5318,3545,chicken,3437,1407,4233,2222
IMG_449.jpg,5318,3545,chicken,3060,1737,3710,2591
IMG_449.jpg,5318,3545,chicken,3718,2118,4176,2664
IMG_449.jpg,5318,3545,chicken,2368,1807,2780,2295
IMG_449.jpg,5318,3545,chicken,949,1761,1691,2841
IMG_449.jpg,5318,3545,chicken,1560,1326,2210,2957
IMG_45.jpg,332,499,chicken,64,101,318,394
IMG_450.jpg,1300,956,chicken,104,442,384,856
IMG_450.jpg,1300,956,chicken,246,303,626,778
IMG_450.jpg,1300,956,chicken,905,280,1135,726
IMG_450.jpg,1300,956,chicken,1144,503,1300,784
IMG_450.jpg,1300,956,chicken,691,296,920,604
IMG_450.jpg,1300,956,chicken,549,234,705,674
IMG_450.jpg,1300,956,chicken,838,282,909,376
IMG_451.jpg,3648,2432,chicken,1796,1300,2998,2171
IMG_451.jpg,3648,2432,chicken,2712,1797,3485,2432
IMG_451.jpg,3648,2432,chicken,2248,765,3188,1436
IMG_451.jpg,3648,2432,chicken,3309,294,3648,782
IMG_451.jpg,3648,2432,chicken,1804,563,2693,1247
IMG_451.jpg,3648,2432,chicken,1356,497,2019,1210
IMG_451.jpg,3648,2432,chicken,1,1447,677,2160
IMG_451.jpg,3648,2432,chicken,364,1021,1417,1884
IMG_451.jpg,3648,2432,chicken,1038,873,1675,1544
IMG_451.jpg,3648,2432,chicken,633,492,1309,1015
IMG_451.jpg,3648,2432,chicken,62,313,672,923
IMG_451.jpg,3648,2432,chicken,672,123,1212,594
IMG_451.jpg,3648,2432,chicken,1106,255,1533,844
IMG_452.jpg,1920,1271,chicken,90,71,883,1186
IMG_452.jpg,1920,1271,chicken,937,72,1909,1147
IMG_453.jpg,1920,1280,chicken,17,773,289,1267
IMG_453.jpg,1920,1280,chicken,189,567,568,1117
IMG_453.jpg,1920,1280,chicken,635,476,909,935
IMG_453.jpg,1920,1280,chicken,643,423,795,542
IMG_453.jpg,1920,1280,chicken,851,327,1025,557
IMG_453.jpg,1920,1280,chicken,777,668,1422,1275
IMG_453.jpg,1920,1280,chicken,1744,465,1920,731
IMG_453.jpg,1920,1280,chicken,1064,234,1460,734
IMG_453.jpg,1920,1280,chicken,1221,253,1371,511
IMG_453.jpg,1920,1280,chicken,790,395,889,564
IMG_453.jpg,1920,1280,chicken,150,460,431,826
IMG_453.jpg,1920,1280,chicken,213,369,412,604
IMG_453.jpg,1920,1280,chicken,1,350,122,549
IMG_453.jpg,1920,1280,chicken,18,523,159,719
IMG_453.jpg,1920,1280,chicken,443,210,560,392
IMG_453.jpg,1920,1280,chicken,371,142,490,341
IMG_453.jpg,1920,1280,chicken,131,181,256,384
IMG_453.jpg,1920,1280,chicken,1,197,109,322
IMG_453.jpg,1920,1280,chicken,464,618,1106,1280
IMG_453.jpg,1920,1280,chicken,1643,703,1918,1280
IMG_453.jpg,1920,1280,chicken,581,96,663,256
IMG_453.jpg,1920,1280,chicken,595,76,638,138
IMG_453.jpg,1920,1280,chicken,184,145,301,289
IMG_453.jpg,1920,1280,chicken,322,195,401,314
IMG_453.jpg,1920,1280,chicken,1,168,75,258
IMG_453.jpg,1920,1280,chicken,30,131,82,195
IMG_453.jpg,1920,1280,chicken,20,80,57,133
IMG_453.jpg,1920,1280,chicken,137,55,175,128
IMG_453.jpg,1920,1280,chicken,256,77,310,143
IMG_453.jpg,1920,1280,chicken,320,86,376,226
IMG_453.jpg,1920,1280,chicken,378,92,441,149
IMG_453.jpg,1920,1280,chicken,497,136,566,234
IMG_453.jpg,1920,1280,chicken,507,108,553,146
IMG_453.jpg,1920,1280,chicken,533,35,562,80
IMG_453.jpg,1920,1280,chicken,404,41,424,73
IMG_453.jpg,1920,1280,chicken,485,46,512,88
IMG_453.jpg,1920,1280,chicken,449,50,481,89
IMG_453.jpg,1920,1280,chicken,619,27,656,71
IMG_453.jpg,1920,1280,chicken,593,27,626,64
IMG_453.jpg,1920,1280,chicken,219,31,252,83
IMG_454.jpg,1920,1280,chicken,1633,757,1920,1262
IMG_454.jpg,1920,1280,chicken,1632,584,1920,973
IMG_454.jpg,1920,1280,chicken,1436,237,1835,629
IMG_454.jpg,1920,1280,chicken,1472,611,1812,1231
IMG_454.jpg,1920,1280,chicken,641,857,1539,1280
IMG_454.jpg,1920,1280,chicken,552,648,1212,1229
IMG_454.jpg,1920,1280,chicken,772,525,1339,1123
IMG_454.jpg,1920,1280,chicken,878,368,1441,780
IMG_454.jpg,1920,1280,chicken,883,257,1147,467
IMG_454.jpg,1920,1280,chicken,1144,238,1324,472
IMG_454.jpg,1920,1280,chicken,1293,141,1481,413
IMG_454.jpg,1920,1280,chicken,554,222,690,384
IMG_454.jpg,1920,1280,chicken,659,185,751,349
IMG_454.jpg,1920,1280,chicken,787,222,910,365
IMG_454.jpg,1920,1280,chicken,813,188,922,253
IMG_454.jpg,1920,1280,chicken,982,245,1100,363
IMG_454.jpg,1920,1280,chicken,775,317,908,622
IMG_454.jpg,1920,1280,chicken,287,354,686,688
IMG_454.jpg,1920,1280,chicken,227,438,632,1237
IMG_454.jpg,1920,1280,chicken,1,570,358,1195
IMG_454.jpg,1920,1280,chicken,51,344,308,591
IMG_454.jpg,1920,1280,chicken,128,181,316,444
IMG_454.jpg,1920,1280,chicken,309,6,413,161
IMG_454.jpg,1920,1280,chicken,486,298,625,519
IMG_454.jpg,1920,1280,chicken,1332,737,1668,1208
IMG_454.jpg,1920,1280,chicken,1702,188,1810,406
IMG_455.jpg,1280,960,chicken,120,366,456,659
IMG_455.jpg,1280,960,chicken,421,322,712,705
IMG_455.jpg,1280,960,chicken,718,241,1112,685
IMG_455.jpg,1280,960,chicken,928,356,1224,664
IMG_456.jpg,640,426,chicken,243,155,431,422
IMG_456.jpg,640,426,chicken,495,136,587,403
IMG_456.jpg,640,426,chicken,600,182,640,400
IMG_456.jpg,640,426,chicken,464,140,601,299
IMG_456.jpg,640,426,chicken,461,123,495,213
IMG_456.jpg,640,426,chicken,317,50,470,224
IMG_456.jpg,640,426,chicken,281,141,447,268
IMG_456.jpg,640,426,chicken,210,177,309,395
IMG_456.jpg,640,426,chicken,193,123,260,193
IMG_456.jpg,640,426,chicken,1,122,202,422
IMG_457.jpg,1280,853,chicken,315,540,776,853
IMG_457.jpg,1280,853,chicken,843,409,1253,836
IMG_457.jpg,1280,853,chicken,616,179,919,520
IMG_457.jpg,1280,853,chicken,343,370,535,763
IMG_457.jpg,1280,853,chicken,199,278,569,609
IMG_457.jpg,1280,853,chicken,263,167,615,445
IMG_457.jpg,1280,853,chicken,142,175,389,491
IMG_457.jpg,1280,853,chicken,361,155,436,279
IMG_457.jpg,1280,853,chicken,1,283,44,604
IMG_458.jpg,1280,853,chicken,97,359,265,653
IMG_458.jpg,1280,853,chicken,450,448,770,758
IMG_458.jpg,1280,853,chicken,671,494,952,790
IMG_458.jpg,1280,853,chicken,795,416,995,720
IMG_458.jpg,1280,853,chicken,823,381,962,549
IMG_458.jpg,1280,853,chicken,877,294,1007,484
IMG_458.jpg,1280,853,chicken,1020,405,1208,657
IMG_458.jpg,1280,853,chicken,618,172,783,373
IMG_458.jpg,1280,853,chicken,484,173,643,349
IMG_458.jpg,1280,853,chicken,320,139,453,292
IMG_458.jpg,1280,853,chicken,265,107,325,196
IMG_458.jpg,1280,853,chicken,352,131,412,193
IMG_458.jpg,1280,853,chicken,225,233,373,494
IMG_459.jpg,1280,719,chicken,162,124,645,694
IMG_459.jpg,1280,719,chicken,398,208,766,616
IMG_459.jpg,1280,719,chicken,653,409,1272,719
IMG_459.jpg,1280,719,chicken,1044,272,1234,464
IMG_459.jpg,1280,719,chicken,1029,209,1165,324
IMG_46.jpg,375,500,chicken,92,148,301,343
IMG_460.jpg,1280,852,chicken,94,277,437,692
IMG_460.jpg,1280,852,chicken,955,384,1171,627
IMG_460.jpg,1280,852,chicken,349,363,577,548
IMG_461.jpg,1920,1276,chicken,629,102,1413,1044
IMG_461.jpg,1920,1276,chicken,544,688,1235,1276
IMG_461.jpg,1920,1276,chicken,9,448,384,1276
IMG_461.jpg,1920,1276,chicken,21,44,514,790
IMG_461.jpg,1920,1276,chicken,87,1,852,598
IMG_461.jpg,1920,1276,chicken,1704,202,1920,1030
IMG_462.jpg,1280,851,chicken,305,221,902,746
IMG_462.jpg,1280,851,chicken,268,15,558,382
IMG_462.jpg,1280,851,chicken,1107,26,1280,482
IMG_462.jpg,1280,851,chicken,786,1,1137,386
IMG_462.jpg,1280,851,chicken,537,1,782,235
IMG_463.jpg,1280,851,chicken,190,137,907,634
IMG_463.jpg,1280,851,chicken,677,1,1039,479
IMG_463.jpg,1280,851,chicken,190,413,574,832
IMG_464.jpg,1920,1274,chicken,739,351,1191,1161
IMG_464.jpg,1920,1274,chicken,1174,460,1324,707
IMG_464.jpg,1920,1274,chicken,1324,464,1920,945
IMG_464.jpg,1920,1274,chicken,1187,126,1548,492
IMG_464.jpg,1920,1274,chicken,13,424,624,747
IMG_464.jpg,1920,1274,chicken,168,819,679,1214
IMG_464.jpg,1920,1274,chicken,179,15,689,562
IMG_465.jpg,1920,821,chicken,109,178,397,617
IMG_465.jpg,1920,821,chicken,373,176,635,631
IMG_465.jpg,1920,821,chicken,634,181,920,592
IMG_465.jpg,1920,821,chicken,928,214,1184,574
IMG_465.jpg,1920,821,chicken,1184,216,1383,574
IMG_465.jpg,1920,821,chicken,1380,220,1612,597
IMG_465.jpg,1920,821,chicken,1624,207,1909,602
IMG_466.jpg,1280,868,chicken,85,79,494,807
IMG_466.jpg,1280,868,chicken,461,60,803,819
IMG_466.jpg,1280,868,chicken,773,209,1144,778
IMG_467.jpg,1280,853,chicken,1,394,230,746
IMG_467.jpg,1280,853,chicken,176,406,279,576
IMG_467.jpg,1280,853,chicken,227,313,434,449
IMG_467.jpg,1280,853,chicken,292,141,490,378
IMG_467.jpg,1280,853,chicken,407,232,620,434
IMG_467.jpg,1280,853,chicken,394,339,568,772
IMG_467.jpg,1280,853,chicken,553,281,685,489
IMG_467.jpg,1280,853,chicken,652,132,746,194
IMG_467.jpg,1280,853,chicken,731,153,797,257
IMG_467.jpg,1280,853,chicken,662,186,816,373
IMG_467.jpg,1280,853,chicken,994,249,1053,363
IMG_467.jpg,1280,853,chicken,1059,321,1112,417
IMG_467.jpg,1280,853,chicken,935,302,1029,459
IMG_467.jpg,1280,853,chicken,846,428,1007,732
IMG_467.jpg,1280,853,chicken,1033,450,1246,825
IMG_467.jpg,1280,853,chicken,1149,342,1206,479
IMG_467.jpg,1280,853,chicken,1194,322,1273,451
IMG_467.jpg,1280,853,chicken,1231,408,1280,633
IMG_467.jpg,1280,853,chicken,531,447,719,766
IMG_467.jpg,1280,853,chicken,716,296,871,551
IMG_467.jpg,1280,853,chicken,869,347,998,448
IMG_467.jpg,1280,853,chicken,262,394,425,647
IMG_467.jpg,1280,853,chicken,648,419,721,476
IMG_468.jpg,1920,1284,chicken,118,988,719,1284
IMG_468.jpg,1920,1284,chicken,862,781,1099,1232
IMG_468.jpg,1920,1284,chicken,1289,824,1552,1248
IMG_468.jpg,1920,1284,chicken,1606,740,1849,1254
IMG_468.jpg,1920,1284,chicken,1004,408,1223,999
IMG_468.jpg,1920,1284,chicken,1189,413,1363,932
IMG_468.jpg,1920,1284,chicken,1374,508,1570,933
IMG_468.jpg,1920,1284,chicken,1484,440,1656,865
IMG_468.jpg,1920,1284,chicken,1569,332,1751,693
IMG_468.jpg,1920,1284,chicken,1727,134,1881,459
IMG_468.jpg,1920,1284,chicken,1384,240,1580,480
IMG_468.jpg,1920,1284,chicken,1233,304,1448,581
IMG_468.jpg,1920,1284,chicken,927,393,1127,699
IMG_468.jpg,1920,1284,chicken,863,314,1036,547
IMG_468.jpg,1920,1284,chicken,988,244,1117,456
IMG_468.jpg,1920,1284,chicken,304,566,538,1036
IMG_468.jpg,1920,1284,chicken,601,613,856,1050
IMG_468.jpg,1920,1284,chicken,132,444,347,730
IMG_468.jpg,1920,1284,chicken,338,381,573,666
IMG_468.jpg,1920,1284,chicken,14,170,299,454
IMG_468.jpg,1920,1284,chicken,460,292,745,506
IMG_468.jpg,1920,1284,chicken,340,284,492,441
IMG_468.jpg,1920,1284,chicken,655,145,862,345
IMG_468.jpg,1920,1284,chicken,904,22,1182,245
IMG_468.jpg,1920,1284,chicken,1829,977,1920,1259
IMG_469.jpg,1280,960,chicken,341,285,722,672
IMG_469.jpg,1280,960,chicken,803,279,939,570
IMG_469.jpg,1280,960,chicken,920,302,1028,474
IMG_469.jpg,1280,960,chicken,234,272,321,386
IMG_469.jpg,1280,960,chicken,306,236,509,589
IMG_47.jpg,448,500,chicken,12,31,393,461
IMG_470.jpg,1280,960,chicken,1,294,248,769
IMG_470.jpg,1280,960,chicken,331,247,962,860
IMG_470.jpg,1280,960,chicken,483,177,869,460
IMG_470.jpg,1280,960,chicken,902,115,1280,607
IMG_471.jpg,1920,1320,chicken,1203,929,1393,1186
IMG_471.jpg,1920,1320,chicken,1389,961,1552,1207
IMG_471.jpg,1920,1320,chicken,1523,934,1600,1079
IMG_471.jpg,1920,1320,chicken,938,934,1132,1102
IMG_471.jpg,1920,1320,chicken,970,1091,1145,1216
IMG_471.jpg,1920,1320,chicken,878,1030,970,1161
IMG_471.jpg,1920,1320,chicken,808,936,863,1162
IMG_472.jpg,473,529,chicken,96,55,368,331
IMG_473.jpg,1280,960,chicken,269,237,589,835
IMG_473.jpg,1280,960,chicken,583,245,956,857
IMG_474.jpg,1280,960,chicken,693,704,850,916
IMG_474.jpg,1280,960,chicken,561,616,691,808
IMG_474.jpg,1280,960,chicken,737,603,788,701
IMG_474.jpg,1280,960,chicken,704,525,757,629
IMG_474.jpg,1280,960,chicken,749,485,809,586
IMG_474.jpg,1280,960,chicken,901,567,980,711
IMG_474.jpg,1280,960,chicken,986,592,1108,708
IMG_474.jpg,1280,960,chicken,1101,607,1180,687
IMG_474.jpg,1280,960,chicken,871,510,941,642
IMG_474.jpg,1280,960,chicken,493,470,617,578
IMG_474.jpg,1280,960,chicken,335,457,452,560
IMG_474.jpg,1280,960,chicken,237,455,294,568
IMG_474.jpg,1280,960,chicken,285,460,350,553
IMG_474.jpg,1280,960,chicken,390,450,491,542
IMG_475.jpg,1920,1280,chicken,609,1003,716,1091
IMG_475.jpg,1920,1280,chicken,298,954,335,1013
IMG_475.jpg,1920,1280,chicken,889,915,966,975
IMG_475.jpg,1920,1280,chicken,1237,883,1297,921
IMG_475.jpg,1920,1280,chicken,174,919,211,967
IMG_475.jpg,1920,1280,chicken,227,930,272,966
IMG_475.jpg,1920,1280,chicken,293,925,350,965
IMG_475.jpg,1920,1280,chicken,409,899,460,947
IMG_475.jpg,1920,1280,chicken,456,914,526,961
IMG_475.jpg,1920,1280,chicken,520,915,565,953
IMG_475.jpg,1920,1280,chicken,626,927,679,970
IMG_475.jpg,1920,1280,chicken,672,898,700,955
IMG_475.jpg,1920,1280,chicken,727,914,781,949
IMG_475.jpg,1920,1280,chicken,828,892,870,935
IMG_475.jpg,1920,1280,chicken,1776,883,1816,938
IMG_475.jpg,1920,1280,chicken,1649,885,1723,955
IMG_475.jpg,1920,1280,chicken,1543,894,1603,952
IMG_475.jpg,1920,1280,chicken,1609,885,1656,947
IMG_476.jpg,1920,1280,chicken,166,777,244,825
IMG_476.jpg,1920,1280,chicken,178,806,278,857
IMG_476.jpg,1920,1280,chicken,351,875,443,1014
IMG_476.jpg,1920,1280,chicken,598,811,677,900
IMG_476.jpg,1920,1280,chicken,755,775,804,837
IMG_476.jpg,1920,1280,chicken,1075,845,1193,956
IMG_476.jpg,1920,1280,chicken,1374,776,1501,908
IMG_476.jpg,1920,1280,chicken,1393,672,1420,730
IMG_476.jpg,1920,1280,chicken,655,904,813,1130
IMG_476.jpg,1920,1280,chicken,727,706,772,731
IMG_476.jpg,1920,1280,chicken,1654,638,1686,689
IMG_476.jpg,1920,1280,chicken,1703,642,1749,681
IMG_476.jpg,1920,1280,chicken,1784,642,1827,677
IMG_476.jpg,1920,1280,chicken,1875,614,1909,663
IMG_476.jpg,1920,1280,chicken,1822,636,1862,671
IMG_477.jpg,1280,852,chicken,102,356,617,657
IMG_477.jpg,1280,852,chicken,601,400,1085,687
IMG_477.jpg,1280,852,chicken,313,128,764,459
IMG_478.jpg,1280,764,chicken,290,331,481,544
IMG_478.jpg,1280,764,chicken,498,382,748,642
IMG_479.jpg,1280,1143,chicken,96,322,618,1043
IMG_479.jpg,1280,1143,chicken,488,287,803,1042
IMG_479.jpg,1280,1143,chicken,865,449,1187,1009
IMG_479.jpg,1280,1143,chicken,727,202,1146,891
IMG_48.jpg,499,356,chicken,40,157,276,354
IMG_48.jpg,499,356,chicken,148,104,263,258
IMG_48.jpg,499,356,chicken,234,100,335,231
IMG_48.jpg,499,356,chicken,255,41,371,201
IMG_48.jpg,499,356,chicken,340,14,394,104
IMG_48.jpg,499,356,chicken,383,37,414,117
IMG_48.jpg,499,356,chicken,401,51,431,173
IMG_480.jpg,1280,853,chicken,310,344,732,710
IMG_480.jpg,1280,853,chicken,765,395,1227,757
IMG_480.jpg,1280,853,chicken,68,89,567,504
IMG_481.jpg,1280,1081,chicken,245,29,755,1081
IMG_481.jpg,1280,1081,chicken,792,94,1264,1039
IMG_482.jpg,1280,960,chicken,6,99,445,448
IMG_482.jpg,1280,960,chicken,209,434,715,884
IMG_482.jpg,1280,960,chicken,744,163,1013,674
IMG_482.jpg,1280,960,chicken,1064,354,1280,689
IMG_482.jpg,1280,960,chicken,688,7,1048,283
IMG_482.jpg,1280,960,chicken,345,176,602,519
IMG_483.jpg,1920,1498,chicken,830,709,1282,1404
IMG_483.jpg,1920,1498,chicken,1341,506,1813,1358
IMG_483.jpg,1920,1498,chicken,46,944,820,1466
IMG_483.jpg,1920,1498,chicken,614,625,913,1086
IMG_483.jpg,1920,1498,chicken,801,383,1008,826
IMG_483.jpg,1920,1498,chicken,855,113,1174,744
IMG_483.jpg,1920,1498,chicken,1198,566,1633,921
IMG_484.jpg,1920,1190,chicken,1069,391,1357,1015
IMG_484.jpg,1920,1190,chicken,1335,545,1716,981
IMG_484.jpg,1920,1190,chicken,1537,463,1644,596
IMG_484.jpg,1920,1190,chicken,1543,356,1635,465
IMG_484.jpg,1920,1190,chicken,1343,449,1433,549
IMG_484.jpg,1920,1190,chicken,1189,381,1279,529
IMG_484.jpg,1920,1190,chicken,937,337,1120,949
IMG_484.jpg,1920,1190,chicken,787,388,969,875
IMG_484.jpg,1920,1190,chicken,714,501,873,811
IMG_484.jpg,1920,1190,chicken,123,431,284,834
IMG_484.jpg,1920,1190,chicken,589,410,691,620
IMG_484.jpg,1920,1190,chicken,919,381,985,582
IMG_484.jpg,1920,1190,chicken,1061,361,1139,438
IMG_485.jpg,3504,2332,chicken,658,644,1708,1821
IMG_485.jpg,3504,2332,chicken,1741,819,2998,1981
IMG_486.jpg,592,400,chicken,9,108,294,366
IMG_486.jpg,592,400,chicken,336,92,541,388
IMG_487.jpg,1300,955,chicken,617,433,1009,836
IMG_487.jpg,1300,955,chicken,114,109,553,689
IMG_487.jpg,1300,955,chicken,13,473,369,865
IMG_487.jpg,1300,955,chicken,311,602,484,771
IMG_488.jpg,1300,956,chicken,465,576,876,867
IMG_488.jpg,1300,956,chicken,152,694,564,868
IMG_488.jpg,1300,956,chicken,14,413,264,807
IMG_488.jpg,1300,956,chicken,559,403,911,659
IMG_488.jpg,1300,956,chicken,999,499,1290,869
IMG_488.jpg,1300,956,chicken,903,433,1295,651
IMG_488.jpg,1300,956,chicken,231,463,578,696
IMG_488.jpg,1300,956,chicken,413,191,659,515
IMG_488.jpg,1300,956,chicken,569,112,800,421
IMG_488.jpg,1300,956,chicken,689,153,1051,441
IMG_488.jpg,1300,956,chicken,1053,246,1253,484
IMG_488.jpg,1300,956,chicken,608,4,902,256
IMG_488.jpg,1300,956,chicken,118,340,330,514
IMG_488.jpg,1300,956,chicken,5,207,192,406
IMG_488.jpg,1300,956,chicken,108,41,363,393
IMG_489.jpg,1280,856,chicken,89,262,330,702
IMG_489.jpg,1280,856,chicken,344,340,754,641
IMG_489.jpg,1280,856,chicken,446,152,658,443
IMG_49.jpg,480,347,chicken,36,48,158,243
IMG_49.jpg,480,347,chicken,215,127,380,255
IMG_49.jpg,480,347,chicken,305,12,403,151
IMG_49.jpg,480,347,chicken,231,42,357,208
IMG_490.jpg,3456,4608,chicken,450,2834,2265,4099
IMG_490.jpg,3456,4608,chicken,825,1869,2265,3249
IMG_491.jpg,1300,1309,chicken,298,42,775,581
IMG_491.jpg,1300,1309,chicken,822,128,1190,604
IMG_491.jpg,1300,1309,chicken,639,553,1222,850
IMG_491.jpg,1300,1309,chicken,255,767,921,1154
IMG_491.jpg,1300,1309,chicken,365,682,696,934
IMG_491.jpg,1300,1309,chicken,54,465,580,829
IMG_492.jpg,1300,956,chicken,458,298,627,515
IMG_492.jpg,1300,956,chicken,645,258,1033,711
IMG_492.jpg,1300,956,chicken,447,458,845,864
IMG_492.jpg,1300,956,chicken,486,104,1025,527
IMG_492.jpg,1300,956,chicken,318,1,730,271
IMG_492.jpg,1300,956,chicken,1,467,236,863
IMG_492.jpg,1300,956,chicken,207,563,583,862
IMG_492.jpg,1300,956,chicken,1090,186,1273,404
IMG_493.jpg,1280,853,chicken,207,126,621,641
IMG_493.jpg,1280,853,chicken,877,122,1257,790
IMG_494.jpg,1280,856,chicken,444,132,734,564
IMG_494.jpg,1280,856,chicken,526,38,1053,697
IMG_495.jpg,255,255,chicken,20,42,217,237
IMG_496.jpg,1300,980,chicken,195,399,648,825
IMG_496.jpg,1300,980,chicken,567,87,1038,836
IMG_496.jpg,1300,980,chicken,893,376,1289,819
IMG_497.jpg,1300,955,chicken,62,239,376,720
IMG_497.jpg,1300,955,chicken,301,403,435,705
IMG_497.jpg,1300,955,chicken,413,465,553,720
IMG_497.jpg,1300,955,chicken,695,324,1300,808
IMG_497.jpg,1300,955,chicken,454,141,852,801
IMG_497.jpg,1300,955,chicken,793,150,940,402
IMG_498.jpg,865,1390,chicken,1,491,202,712
IMG_498.jpg,865,1390,chicken,124,619,328,928
IMG_498.jpg,865,1390,chicken,387,778,833,1126
IMG_498.jpg,865,1390,chicken,290,629,534,1101
IMG_498.jpg,865,1390,chicken,447,460,703,850
IMG_499.jpg,1280,933,chicken,75,67,497,865
IMG_499.jpg,1280,933,chicken,508,17,947,867
IMG_5.jpg,500,375,chicken,90,143,184,273
IMG_5.jpg,500,375,chicken,176,126,226,274
IMG_5.jpg,500,375,chicken,205,73,303,288
IMG_5.jpg,500,375,chicken,284,126,425,297
IMG_50.jpg,499,374,chicken,45,36,449,337
IMG_500.jpg,1280,885,chicken,6,25,370,510
IMG_500.jpg,1280,885,chicken,283,107,909,789
IMG_500.jpg,1280,885,chicken,439,133,1074,640
IMG_51.jpg,280,374,chicken,140,153,270,263
IMG_51.jpg,280,374,chicken,39,22,131,161
IMG_51.jpg,280,374,chicken,27,165,130,350
IMG_52.jpg,500,460,chicken,15,191,171,422
IMG_52.jpg,500,460,chicken,145,188,244,450
IMG_52.jpg,500,460,chicken,187,157,353,373
IMG_52.jpg,500,460,chicken,289,155,399,359
IMG_52.jpg,500,460,chicken,389,165,497,386
IMG_52.jpg,500,460,chicken,401,10,486,117
IMG_52.jpg,500,460,chicken,282,22,341,100
IMG_52.jpg,500,460,chicken,256,58,392,126
IMG_52.jpg,500,460,chicken,366,127,441,182
IMG_53.jpg,500,335,chicken,49,153,112,242
IMG_53.jpg,500,335,chicken,101,130,165,231
IMG_53.jpg,500,335,chicken,161,156,210,231
IMG_53.jpg,500,335,chicken,200,160,242,228
IMG_53.jpg,500,335,chicken,238,148,271,227
IMG_53.jpg,500,335,chicken,262,171,305,238
IMG_53.jpg,500,335,chicken,291,138,348,222
IMG_53.jpg,500,335,chicken,337,42,419,216
IMG_53.jpg,500,335,chicken,387,132,427,205
IMG_53.jpg,500,335,chicken,420,127,500,203
IMG_53.jpg,500,335,chicken,2,147,43,188
IMG_54.jpg,500,375,chicken,23,62,399,355
IMG_55.jpg,499,333,chicken,64,22,427,311
IMG_56.jpg,500,464,chicken,62,18,500,459
IMG_57.jpg,333,499,chicken,16,52,267,419
IMG_58.jpg,499,333,chicken,118,114,328,281
IMG_58.jpg,499,333,chicken,303,172,392,231
IMG_58.jpg,499,333,chicken,351,96,468,191
IMG_58.jpg,499,333,chicken,428,132,494,220
IMG_59.jpg,500,360,chicken,52,1,479,357
IMG_6.jpg,500,375,chicken,29,162,207,344
IMG_6.jpg,500,375,chicken,133,123,412,347
IMG_60.jpg,375,500,chicken,30,197,301,420
IMG_61.jpg,500,383,chicken,127,215,329,330
IMG_61.jpg,500,383,chicken,137,139,224,209
IMG_61.jpg,500,383,chicken,222,158,288,212
IMG_62.jpg,500,375,chicken,244,62,495,259
IMG_62.jpg,500,375,chicken,75,161,239,364
IMG_62.jpg,500,375,chicken,36,9,251,212
IMG_63.jpg,375,500,chicken,5,102,281,454
IMG_63.jpg,375,500,chicken,296,195,371,442
IMG_63.jpg,375,500,chicken,119,229,189,294
IMG_64.jpg,494,500,chicken,71,17,436,467
IMG_65.jpg,500,296,chicken,17,48,139,260
IMG_65.jpg,500,296,chicken,133,48,292,262
IMG_65.jpg,500,296,chicken,306,13,480,220
IMG_66.jpg,500,375,chicken,196,41,333,344
IMG_67.jpg,500,334,chicken,70,54,388,277
IMG_67.jpg,500,334,chicken,312,214,379,266
IMG_67.jpg,500,334,chicken,294,267,357,306
IMG_67.jpg,500,334,chicken,86,195,137,251
IMG_68.jpg,500,375,chicken,65,57,131,130
IMG_68.jpg,500,375,chicken,111,103,157,146
IMG_68.jpg,500,375,chicken,292,111,370,181
IMG_68.jpg,500,375,chicken,412,153,488,248
IMG_69.jpg,499,334,chicken,36,53,315,310
IMG_7.jpg,500,375,chicken,36,33,219,359
IMG_7.jpg,500,375,chicken,259,51,465,303
IMG_70.jpg,489,500,chicken,26,31,436,481
IMG_71.jpg,499,262,chicken,84,50,336,261
IMG_71.jpg,499,262,chicken,321,73,483,235
IMG_71.jpg,499,262,chicken,313,38,389,159
IMG_71.jpg,499,262,chicken,14,30,235,185
IMG_72.jpg,500,375,chicken,117,84,362,253
IMG_73.jpg,500,375,chicken,37,181,145,309
IMG_73.jpg,500,375,chicken,172,233,287,302
IMG_73.jpg,500,375,chicken,195,260,363,365
IMG_73.jpg,500,375,chicken,276,109,344,199
IMG_73.jpg,500,375,chicken,125,101,162,145
IMG_73.jpg,500,375,chicken,137,139,199,207
IMG_73.jpg,500,375,chicken,165,183,276,241
IMG_73.jpg,500,375,chicken,170,161,246,193
IMG_73.jpg,500,375,chicken,91,143,160,234
IMG_73.jpg,500,375,chicken,50,159,96,215
IMG_73.jpg,500,375,chicken,1,168,48,284
IMG_73.jpg,500,375,chicken,64,108,96,162
IMG_73.jpg,500,375,chicken,90,89,134,136
IMG_74.jpg,500,415,chicken,30,136,176,401
IMG_74.jpg,500,415,chicken,155,24,412,260
IMG_74.jpg,500,415,chicken,240,153,455,400
IMG_75.jpg,500,375,chicken,57,37,318,314
IMG_75.jpg,500,375,chicken,291,70,439,374
IMG_76.jpg,499,376,chicken,47,59,199,237
IMG_76.jpg,499,376,chicken,191,43,329,241
IMG_76.jpg,499,376,chicken,334,120,454,239
IMG_77.jpg,500,375,chicken,9,80,468,373
IMG_78.jpg,500,375,chicken,69,12,366,308
IMG_79.jpg,1024,679,chicken,386,60,780,534
IMG_8.jpg,500,375,chicken,144,188,239,313
IMG_8.jpg,500,375,chicken,305,139,471,281
IMG_8.jpg,500,375,chicken,233,107,345,256
IMG_8.jpg,500,375,chicken,15,82,172,270
IMG_8.jpg,500,375,chicken,172,77,258,212
IMG_8.jpg,500,375,chicken,44,8,194,142
IMG_80.jpg,375,500,chicken,37,179,132,318
IMG_80.jpg,375,500,chicken,93,397,244,500
IMG_80.jpg,375,500,chicken,257,184,332,315
IMG_80.jpg,375,500,chicken,181,81,264,185
IMG_80.jpg,375,500,chicken,118,39,167,126
IMG_81.jpg,500,375,chicken,52,110,120,213
IMG_81.jpg,500,375,chicken,221,87,300,215
IMG_81.jpg,500,375,chicken,305,97,371,186
IMG_81.jpg,500,375,chicken,411,79,474,185
IMG_81.jpg,500,375,chicken,370,46,475,127
IMG_81.jpg,500,375,chicken,430,1,489,85
IMG_81.jpg,500,375,chicken,195,4,268,82
IMG_81.jpg,500,375,chicken,98,14,166,66
IMG_81.jpg,500,375,chicken,4,136,54,280
IMG_81.jpg,500,375,chicken,88,167,227,328
IMG_81.jpg,500,375,chicken,248,187,367,358
IMG_81.jpg,500,375,chicken,374,149,474,309
IMG_82.jpg,351,500,chicken,9,252,300,500
IMG_83.jpg,500,375,chicken,45,141,192,291
IMG_83.jpg,500,375,chicken,226,151,342,272
IMG_83.jpg,500,375,chicken,335,153,408,267
IMG_84.jpg,500,375,chicken,177,118,352,355
IMG_84.jpg,500,375,chicken,58,84,153,211
IMG_84.jpg,500,375,chicken,150,96,284,186
IMG_85.jpg,500,375,chicken,166,59,290,223
IMG_86.jpg,500,420,chicken,103,89,373,380
IMG_87.jpg,500,375,chicken,238,59,500,287
IMG_87.jpg,500,375,chicken,137,144,266,287
IMG_87.jpg,500,375,chicken,44,168,133,295
IMG_88.jpg,500,375,chicken,22,9,403,368
IMG_88.jpg,500,375,chicken,10,230,170,373
IMG_88.jpg,500,375,chicken,125,151,253,239
IMG_89.jpg,500,391,chicken,335,198,437,360
IMG_89.jpg,500,391,chicken,70,32,244,200
IMG_89.jpg,500,391,chicken,92,103,267,307
IMG_89.jpg,500,391,chicken,23,229,185,358
IMG_9.jpg,500,431,chicken,64,75,352,403
IMG_90.jpg,500,438,chicken,11,125,186,318
IMG_90.jpg,500,438,chicken,204,74,340,271
IMG_90.jpg,500,438,chicken,345,18,488,219
IMG_90.jpg,500,438,chicken,330,254,491,438
IMG_91.jpg,500,333,chicken,183,190,271,321
IMG_91.jpg,500,333,chicken,300,150,352,257
IMG_91.jpg,500,333,chicken,192,140,273,242
IMG_91.jpg,500,333,chicken,52,143,141,237
IMG_91.jpg,500,333,chicken,18,119,112,211
IMG_91.jpg,500,333,chicken,53,105,86,157
IMG_91.jpg,500,333,chicken,93,47,151,132
IMG_91.jpg,500,333,chicken,133,90,191,169
IMG_91.jpg,500,333,chicken,178,105,216,164
IMG_91.jpg,500,333,chicken,235,102,297,180
IMG_91.jpg,500,333,chicken,191,35,212,89
IMG_91.jpg,500,333,chicken,226,56,251,98
IMG_91.jpg,500,333,chicken,246,70,278,114
IMG_91.jpg,500,333,chicken,303,49,338,81
IMG_91.jpg,500,333,chicken,320,70,356,112
IMG_92.jpg,500,375,chicken,142,43,402,311
IMG_92.jpg,500,375,chicken,334,82,480,222
IMG_93.jpg,500,375,chicken,250,194,398,369
IMG_93.jpg,500,375,chicken,228,122,335,244
IMG_93.jpg,500,375,chicken,164,141,263,280
IMG_94.jpg,500,375,chicken,148,41,354,371
IMG_95.jpg,500,375,chicken,168,68,359,366
IMG_96.jpg,500,375,chicken,126,49,414,359
IMG_97.jpg,500,375,chicken,143,91,228,213
IMG_97.jpg,500,375,chicken,305,154,403,307
IMG_98.jpg,346,500,chicken,72,15,306,459
IMG_99.jpg,500,375,chicken,110,83,172,243
IMG_99.jpg,500,375,chicken,154,23,290,347
